{
  "version": 3,
  "cmakeMinimumRequired": {
    "major": 3,
    "minor": 0,
    "patch": 0
  },
  "configurePresets": [
    {
      "name": "default",
      "displayName": "Default Config",
      "description": "Default building parameters",
      "cacheVariables": {
        "WITH_AOM_DECODER" : "ON",
        "WITH_AOM_DECODER_PLUGIN" : "ON",
        "WITH_AOM_ENCODER" : "ON",
        "WITH_AOM_ENCODER_PLUGIN" : "ON",
        "WITH_DAV1D" : "ON",
        "WITH_DAV1D_PLUGIN" : "ON",
        "WITH_LIBDE265" : "ON",
        "WITH_LIBDE265_PLUGIN" : "ON",
        "WITH_RAV1E" : "ON",
        "WITH_RAV1E_PLUGIN" : "ON",
        "WITH_SvtEnc" : "ON",
        "WITH_SvtEnc_PLUGIN" : "ON",
        "WITH_X265" : "ON",
        "WITH_X265_PLUGIN" : "ON",
        "WITH_UNCOMPRESSED_CODEC" : "ON"
      }
    },
    {
      "name": "develop",
      "inherits": "default",
      "displayName": "development",
      "description": "Enable all experimental features. Do not use plugins, compile everything built-in.",
      "cacheVariables": {
        "CMAKE_BUILD_TYPE": "Debug",
        "BUILD_SHARED_LIBS": "ON",
        "BUILD_TESTING" : "ON",
        "WITH_REDUCED_VISIBILITY" : "OFF",
        "WITH_DEFLATE_HEADER_COMPRESSION" : "ON",
        "WITH_LIBSHARPYUV" : "ON",
        "WITH_EXAMPLES": "ON",
        "WITH_FUZZERS": "OFF",
        "WITH_AOM_DECODER_PLUGIN" : "OFF",
        "WITH_AOM_ENCODER_PLUGIN" : "OFF",
        "WITH_DAV1D_PLUGIN" : "OFF",
        "WITH_LIBDE265_PLUGIN" : "OFF",
        "WITH_RAV1E_PLUGIN" : "OFF",
        "WITH_SvtEnc_PLUGIN" : "OFF",
        "WITH_X265_PLUGIN" : "OFF"
      }
    },
    {
      "name": "release",
      "inherits": "default",
      "displayName": "Standard release build",
      "description": "Recommended parameters for a release build.",
      "cacheVariables": {
        "CMAKE_BUILD_TYPE": "Release",
        "BUILD_SHARED_LIBS": "ON",
        "BUILD_TESTING" : "OFF",
        "WITH_REDUCED_VISIBILITY" : "ON",
        "WITH_DEFLATE_HEADER_COMPRESSION" : "ON",
        "WITH_LIBSHARPYUV" : "ON",
        "WITH_EXAMPLES": "ON",
        "WITH_FUZZERS": "OFF"
      }
    },
    {
      "name": "release-noplugins",
      "inherits": "release",
      "displayName": "Release build without plugins",
      "description": "Release without plugins with minimal configuration for HEIC and AVIF.",
      "cacheVariables": {
        "ENABLE_PLUGIN_LOADING" : "OFF",
        "WITH_LIBDE265" : "ON",
        "WITH_X265" : "ON",
        "WITH_AOM_DECODER" : "ON",
        "WITH_AOM_ENCODER" : "ON",
        "WITH_DAV1D" : "OFF",
        "WITH_RAV1E" : "OFF",
        "WITH_SvtEnc" : "OFF"
      }
    },
    {
      "name": "testing",
      "inherits": "default",
      "displayName": "Tests",
      "description": "For running the tests",
      "cacheVariables": {
        "CMAKE_BUILD_TYPE": "Debug",
        "ENABLE_PLUGIN_LOADING" : "OFF",
        "BUILD_TESTING" : "ON",
        "WITH_REDUCED_VISIBILITY" : "OFF"
      }
    },
    {
      "name": "fuzzing",
      "inherits": "default",
      "displayName": "Fuzzing",
      "description": "For running the fuzzers",
      "cacheVariables": {
        "CMAKE_BUILD_TYPE": "Debug",
        "BUILD_SHARED_LIBS": "OFF",
        "WITH_FUZZERS" : "ON",
        "WITH_EXAMPLES" : "OFF",
        "ENABLE_PLUGIN_LOADING" : "OFF",
        "WITH_DEFLATE_HEADER_COMPRESSION" : "ON",
        "WITH_LIBSHARPYUV" : "ON",
        "WITH_REDUCED_VISIBILITY" : "OFF"
      }
    }
  ]
}
